/*
SQLyog Ultimate v10.00 Beta1
MySQL - 5.5.53 : Database - zz
*********************************************************************
*/

/*!40101 SET NAMES utf8 */;

/*!40101 SET SQL_MODE=''*/;

/*!40014 SET @OLD_UNIQUE_CHECKS=@@UNIQUE_CHECKS, UNIQUE_CHECKS=0 */;
/*!40014 SET @OLD_FOREIGN_KEY_CHECKS=@@FOREIGN_KEY_CHECKS, FOREIGN_KEY_CHECKS=0 */;
/*!40101 SET @OLD_SQL_MODE=@@SQL_MODE, SQL_MODE='NO_AUTO_VALUE_ON_ZERO' */;
/*!40111 SET @OLD_SQL_NOTES=@@SQL_NOTES, SQL_NOTES=0 */;
/*Table structure for table `app_banks` */

DROP TABLE IF EXISTS `app_banks`;

CREATE TABLE `app_banks` (
  `id` int(11) NOT NULL AUTO_INCREMENT,
  `uid` int(11) NOT NULL,
  `bank_num` varchar(255) NOT NULL COMMENT '用户的账号',
  `real_name` varchar(255) NOT NULL COMMENT '用户姓名',
  `bank_which` varchar(255) NOT NULL COMMENT '账号类型 支付宝 或哪银行卡',
  `bank_where` varchar(255) DEFAULT NULL COMMENT '开户行',
  `create_time` int(11) NOT NULL COMMENT '添加时间',
  `status` int(2) DEFAULT NULL COMMENT '银行卡状态 0是删除 1是可用',
  PRIMARY KEY (`id`),
  KEY `uid` (`uid`)
) ENGINE=MyISAM AUTO_INCREMENT=16 DEFAULT CHARSET=utf8;

/*Data for the table `app_banks` */

insert  into `app_banks`(`id`,`uid`,`bank_num`,`real_name`,`bank_which`,`bank_where`,`create_time`,`status`) values (6,10,'898989@qq.com','张三','支付宝','',1548888810,0),(5,10,'71025123@1qq.com','张三','支付宝','',1547196284,0),(7,10,'898989@qq.com','张三','支付宝','',1548889113,0),(8,10,'123123','张三','123','',1548889137,0),(9,10,'123','123','123','',1548889191,0),(10,10,'123','123','123','',1548889200,0),(11,10,'123','123','123','',1548889490,0),(12,10,'123','123','123','',1548889592,0),(13,10,'123','123','123','123',1548889605,0),(14,10,'123','123','123','123',1548889763,0),(15,10,'123','123','123','123',1548889836,0);

/*Table structure for table `app_moneysteam` */

DROP TABLE IF EXISTS `app_moneysteam`;

CREATE TABLE `app_moneysteam` (
  `id` int(11) NOT NULL AUTO_INCREMENT,
  `money` decimal(11,3) NOT NULL COMMENT '流动金额',
  `user_money_now` decimal(11,3) NOT NULL COMMENT '用户没改变之前的金额',
  `user_money_later` decimal(11,3) NOT NULL COMMENT '用户改变后的金额',
  `remark` varchar(255) NOT NULL COMMENT '备注',
  `uid` int(11) NOT NULL COMMENT 'uid',
  `create_time` int(11) NOT NULL COMMENT 'craete_time',
  `type` varchar(255) DEFAULT NULL COMMENT '资金的流向',
  PRIMARY KEY (`id`)
) ENGINE=MyISAM AUTO_INCREMENT=8 DEFAULT CHARSET=utf8;

/*Data for the table `app_moneysteam` */

insert  into `app_moneysteam`(`id`,`money`,`user_money_now`,`user_money_later`,`remark`,`uid`,`create_time`,`type`) values (1,'135.000','0.000','135.675','金额增加135.675',10,1547195433,'抢红包'),(2,'123.000','135.675','12.675','金额减少123,未结算金额减少0.000',10,1547196325,'提现'),(3,'181.000','12.675','194.580','金额增加181.905',10,1547667976,'抢红包'),(4,'72.000','194.580','266.940','金额增加72.36',10,1547668081,'抢红包'),(5,'92.000','266.940','359.400','金额增加92.46',10,1547668141,'抢红包'),(6,'151.000','511.155','662.910','金额增加151.755',10,1547668306,'抢红包'),(7,'347.000','662.910','1011.645','金额增加348.735',10,1548647137,'抢红包');

/*Table structure for table `app_notice` */

DROP TABLE IF EXISTS `app_notice`;

CREATE TABLE `app_notice` (
  `id` int(11) unsigned NOT NULL AUTO_INCREMENT,
  `uid` int(11) NOT NULL DEFAULT '0' COMMENT '0是发给所有人的 发个人的话就是uid',
  `title` varchar(255) DEFAULT NULL COMMENT '通知标题',
  `content` text,
  `states` int(1) DEFAULT NULL COMMENT '0是未发布 1是已发布',
  `create_time` int(11) DEFAULT NULL,
  `read_states` int(1) DEFAULT NULL COMMENT '是否已读，0是未读，1是已读',
  PRIMARY KEY (`id`),
  KEY `uid` (`uid`)
) ENGINE=MyISAM DEFAULT CHARSET=utf8;

/*Data for the table `app_notice` */

/*Table structure for table `app_order` */

DROP TABLE IF EXISTS `app_order`;

CREATE TABLE `app_order` (
  `id` int(11) unsigned zerofill NOT NULL AUTO_INCREMENT,
  `uid` int(11) NOT NULL,
  `packet_id` int(11) NOT NULL COMMENT '红包id',
  `user_phone` varchar(255) NOT NULL COMMENT '用户手机号',
  `packet_expect` varchar(255) NOT NULL COMMENT '红包期数',
  `money` decimal(11,3) NOT NULL COMMENT '订单金额',
  `status` int(1) NOT NULL COMMENT '0是过期，1待付款 2审核中 3审核通过 4 审核不通过',
  `img_url` varchar(255) DEFAULT NULL COMMENT '提交订单时的转账图片',
  `remarks` varchar(255) DEFAULT NULL COMMENT '备注',
  `create_time` int(11) NOT NULL COMMENT '订单生成时间',
  `sys_bank_num` varchar(255) DEFAULT NULL COMMENT '系统银行卡号',
  `sys_bank_which` varchar(255) DEFAULT NULL COMMENT '系统银行或支付宝',
  `sys_bank_where` varchar(255) DEFAULT NULL COMMENT '系统开户行',
  `sys_name` varchar(255) DEFAULT NULL COMMENT '银行卡所属人姓名',
  PRIMARY KEY (`id`),
  KEY `uid` (`uid`)
) ENGINE=MyISAM AUTO_INCREMENT=18 DEFAULT CHARSET=utf8;

/*Data for the table `app_order` */

insert  into `app_order`(`id`,`uid`,`packet_id`,`user_phone`,`packet_expect`,`money`,`status`,`img_url`,`remarks`,`create_time`,`sys_bank_num`,`sys_bank_which`,`sys_bank_where`,`sys_name`) values (00000000001,10,3,'15880630261','201901110065','135.000',3,'\\upload\\20190111\\b079981ce2ce7d3320c91e03997a5097.jpg','',1547194858,'63384819950826262','建设银行','上海第三分行','大我人'),(00000000002,10,6,'15880630261','201901110068','45.000',0,'','',1547195817,'63384819950826262','建设银行','上海第三分行','大我人'),(00000000003,10,16,'15880630261','201901110087','198.000',0,'','',1547201560,'63384819950826262','建设银行','上海第三分行','大我人'),(00000000004,10,23,'15880630261','201901110094','33.000',0,'','',1547203623,'63384819950826262','建设银行','上海第三分行','大我人'),(00000000005,10,34,'15880630261','201901150079','133.000',0,'','',1547544696,'63384819950826262','建设银行','上海第三分行','大我人'),(00000000006,10,129,'15880630261','201901170014','92.000',3,'\\upload\\20190117\\28584943fd457019cf486ecf71b48449.jpg','123',1547661943,'63384819950826262','建设银行','上海第三分行','大我人'),(00000000007,10,139,'15880630261','201901170024','72.000',3,'\\upload\\20190117\\024096ebbdcd473fba5d7aacf4ff4864.jpg','333',1547665170,'63384819950826262','建设银行','上海第三分行','大我人'),(00000000008,10,141,'15880630261','201901170034','181.000',3,'\\upload\\20190117\\9107656df7021b1d1c8af477572f7cff.jpg','123',1547667903,'63384819950826262','建设银行','上海第三分行','大我人'),(00000000009,10,142,'15880630261','201901170035','151.000',3,'\\upload\\20190117\\1bb35cc4b3491bdae2ccb6165425fdc0.jpg','123',1547668234,'63384819950826262','建设银行','上海第三分行','大我人'),(00000000010,10,181,'15880630261','201901240157','208.000',1,'','',1548309732,'63384819950826262','建设银行','上海第三分行','大我人'),(00000000011,10,182,'15880630261','201901240158','136.000',1,'','',1548309918,'63384819950826262','建设银行','上海第三分行','大我人'),(00000000012,10,185,'15880630261','201901240161','343.000',1,'','',1548310843,'63384819950826262','建设银行','上海第三分行','大我人'),(00000000013,10,189,'15880630261','201901280129','347.000',3,'\\upload\\20190128\\105191e2781ba5c278526385810c73c9.jpg','',1548646911,'63384819950826262','建设银行','上海第三分行','大我人'),(00000000014,10,219,'15880630261','201901310069','120.000',1,'','',1548888141,'63384819950826262','建设银行','上海第三分行','大我人'),(00000000015,10,225,'15880630261','201901310075','167.000',1,'','',1548889860,'63384819950826262','建设银行','上海第三分行','大我人'),(00000000017,10,267,'15880630261','201901310200','103.000',1,'','',1548927374,'63384819950826262','建设银行','上海第三分行','大我人');

/*Table structure for table `app_packet` */

DROP TABLE IF EXISTS `app_packet`;

CREATE TABLE `app_packet` (
  `id` int(11) unsigned NOT NULL AUTO_INCREMENT,
  `expect` varchar(255) NOT NULL COMMENT '包的期数 20181211001',
  `money` decimal(11,3) NOT NULL COMMENT '包的总金额',
  `amount` varchar(255) NOT NULL COMMENT '包的个数',
  `create_time` int(11) NOT NULL COMMENT '发包时间',
  PRIMARY KEY (`id`)
) ENGINE=MyISAM AUTO_INCREMENT=272 DEFAULT CHARSET=utf8;

/*Data for the table `app_packet` */

insert  into `app_packet`(`id`,`expect`,`money`,`amount`,`create_time`) values (1,'201901110063','1000.000','5',1547194200),(2,'201901110064','1000.000','4',1547194500),(3,'201901110065','1000.000','4',1547194800),(4,'201901110066','1000.000','5',1547195100),(5,'201901110067','1000.000','5',1547195400),(6,'201901110068','1000.000','4',1547195700),(7,'201901110078','1000.000','5',1547198700),(8,'201901110079','1000.000','5',1547199000),(9,'201901110080','1000.000','5',1547199300),(10,'201901110081','1000.000','5',1547199600),(11,'201901110082','1000.000','5',1547199900),(12,'201901110083','1000.000','5',1547200200),(13,'201901110084','1000.000','5',1547200500),(14,'201901110085','1000.000','5',1547200800),(15,'201901110086','1000.000','5',1547201100),(16,'201901110087','1000.000','4',1547201400),(17,'201901110088','1000.000','5',1547201700),(18,'201901110089','1000.000','5',1547202000),(19,'201901110090','1000.000','5',1547202300),(20,'201901110091','1000.000','5',1547202600),(21,'201901110092','1000.000','5',1547202900),(22,'201901110093','1000.000','5',1547203200),(23,'201901110094','1000.000','4',1547203500),(24,'201901110095','1000.000','5',1547203800),(25,'201901110096','1000.000','5',1547204100),(26,'201901110097','1000.000','5',1547204400),(27,'201901110098','1000.000','5',1547204700),(28,'201901110099','1000.000','5',1547205000),(29,'201901150074','1000.000','5',1547543100),(30,'201901150075','1000.000','5',1547543400),(31,'201901150076','1000.000','5',1547543700),(32,'201901150077','1000.000','5',1547544000),(33,'201901150078','1000.000','5',1547544300),(34,'201901150079','1000.000','4',1547544600),(35,'201901150080','1000.000','5',1547544900),(36,'201901150081','1000.000','5',1547545200),(37,'201901150082','1000.000','5',1547545500),(38,'201901150083','1000.000','5',1547545800),(39,'201901150084','1000.000','5',1547546100),(40,'201901150085','1000.000','5',1547546400),(41,'201901150086','1000.000','5',1547546700),(42,'201901150087','1000.000','5',1547547000),(43,'201901150088','1000.000','5',1547547300),(44,'201901150089','1000.000','5',1547547600),(45,'201901150090','1000.000','5',1547547900),(46,'201901150091','1000.000','5',1547548200),(47,'201901150092','1000.000','5',1547548500),(48,'201901150093','1000.000','5',1547548800),(49,'201901150094','1000.000','5',1547549100),(50,'201901150095','1000.000','5',1547549400),(51,'201901150096','1000.000','5',1547549700),(52,'201901150097','1000.000','5',1547550000),(53,'201901150098','1000.000','5',1547550300),(54,'201901150099','1000.000','5',1547550600),(55,'201901150100','1000.000','5',1547550900),(56,'201901150101','1000.000','5',1547551200),(57,'201901150102','1000.000','5',1547551500),(58,'201901150103','1000.000','5',1547551800),(59,'201901150104','1000.000','5',1547552100),(60,'201901150105','1000.000','5',1547552400),(61,'201901150106','1000.000','5',1547552700),(62,'201901150107','1000.000','5',1547553000),(63,'201901150108','1000.000','5',1547553300),(64,'201901150109','1000.000','5',1547553600),(65,'201901150110','1000.000','5',1547553900),(66,'201901150111','1000.000','5',1547554200),(67,'201901150112','1000.000','5',1547554500),(68,'201901150113','1000.000','5',1547554800),(69,'201901150114','1000.000','5',1547555100),(70,'201901150115','1000.000','5',1547555400),(71,'201901150116','1000.000','5',1547555700),(72,'201901150117','1000.000','5',1547556000),(73,'201901150118','1000.000','5',1547556300),(74,'201901150119','1000.000','5',1547556600),(75,'201901150120','1000.000','5',1547556900),(76,'201901150121','1000.000','5',1547557200),(77,'201901150122','1000.000','5',1547557500),(78,'201901150123','1000.000','5',1547557800),(79,'201901150124','1000.000','5',1547558100),(80,'201901150125','1000.000','5',1547558400),(81,'201901150126','1000.000','5',1547558700),(82,'201901150127','1000.000','5',1547559000),(83,'201901150128','1000.000','5',1547559300),(84,'201901150129','1000.000','5',1547559600),(85,'201901150130','1000.000','5',1547559900),(86,'201901150131','1000.000','5',1547560200),(87,'201901150132','1000.000','5',1547560500),(88,'201901150133','1000.000','5',1547560800),(89,'201901150134','1000.000','5',1547561100),(90,'201901150135','1000.000','5',1547561400),(91,'201901150136','1000.000','5',1547561700),(92,'201901150137','1000.000','5',1547562000),(93,'201901150138','1000.000','5',1547562300),(94,'201901150139','1000.000','5',1547562600),(95,'201901150140','1000.000','5',1547562900),(96,'201901150141','1000.000','5',1547563200),(97,'201901150142','1000.000','5',1547563500),(98,'201901150143','1000.000','5',1547563800),(99,'201901150144','1000.000','5',1547564100),(100,'201901150145','1000.000','5',1547564400),(101,'201901150146','1000.000','5',1547564700),(102,'201901150147','1000.000','5',1547565000),(103,'201901150148','1000.000','5',1547565300),(104,'201901150149','1000.000','5',1547565600),(105,'201901150150','1000.000','5',1547565900),(106,'201901150151','1000.000','5',1547566200),(107,'201901150152','1000.000','5',1547566500),(108,'201901150153','1000.000','5',1547566800),(109,'201901150154','1000.000','5',1547567100),(110,'201901150155','1000.000','5',1547567400),(111,'201901150156','1000.000','5',1547567700),(112,'201901160070','1000.000','5',1547628300),(113,'201901160071','1000.000','5',1547628600),(114,'201901160072','1000.000','5',1547628900),(115,'201901160073','1000.000','5',1547629200),(116,'201901160074','1000.000','5',1547629500),(117,'201901160075','1000.000','5',1547629800),(118,'201901160076','1000.000','5',1547630100),(119,'201901160077','1000.000','5',1547630400),(120,'201901160078','1000.000','5',1547630700),(121,'201901160095','1000.000','5',1547635800),(122,'201901160096','1000.000','5',1547636100),(123,'201901160097','1000.000','5',1547636400),(124,'201901160098','1000.000','5',1547636700),(125,'201901160099','1000.000','5',1547637000),(126,'201901160100','1000.000','5',1547637300),(127,'201901160101','1000.000','5',1547637600),(128,'201901170013','1000.000','5',1547661600),(129,'201901170014','1000.000','4',1547661900),(130,'201901170015','1000.000','5',1547662200),(131,'201901170016','1000.000','5',1547662500),(132,'201901170017','1000.000','5',1547662800),(133,'201901170018','1000.000','5',1547663100),(134,'201901170019','1000.000','5',1547663400),(135,'201901170020','1000.000','5',1547663700),(136,'201901170021','1000.000','5',1547664000),(137,'201901170022','1000.000','5',1547664300),(138,'201901170023','1000.000','5',1547664600),(139,'201901170024','1000.000','4',1547664900),(140,'201901170025','1000.000','5',1547665200),(141,'201901170034','1000.000','4',1547667900),(142,'201901170035','1000.000','4',1547668200),(143,'201901170036','1000.000','5',1547668500),(144,'201901190102','1000.000','5',1547861100),(145,'201901190103','1000.000','5',1547861400),(146,'201901190104','1000.000','5',1547861700),(147,'201901190105','1000.000','5',1547862000),(148,'201901190106','1000.000','5',1547862300),(149,'201901190107','1000.000','5',1547862600),(150,'201901190108','1000.000','5',1547862900),(151,'201901190109','1000.000','5',1547863200),(152,'201901190110','1000.000','5',1547863500),(153,'201901190111','1000.000','5',1547863800),(154,'201901190112','1000.000','5',1547864100),(155,'201901190113','1000.000','5',1547864400),(156,'201901190114','1000.000','5',1547864700),(157,'201901190198','1000.000','5',1547889900),(158,'201901190199','1000.000','5',1547890200),(159,'201901190200','1000.000','5',1547890500),(160,'201901190201','1000.000','5',1547890800),(161,'201901190202','1000.000','5',1547891100),(162,'201901190203','1000.000','5',1547891400),(163,'201901190204','1000.000','5',1547891700),(164,'201901190205','1000.000','5',1547892000),(165,'201901190206','1000.000','5',1547892300),(166,'201901190207','1000.000','5',1547892600),(167,'201901190208','1000.000','5',1547892900),(168,'201901210199','1000.000','5',1548063000),(169,'201901210200','1000.000','5',1548063300),(170,'201901210201','1000.000','5',1548063600),(171,'201901210202','1000.000','5',1548063900),(172,'201901210203','1000.000','5',1548064200),(173,'201901210204','1000.000','5',1548064500),(174,'201901220001','1000.000','5',1548090000),(175,'201901220002','1000.000','5',1548090300),(176,'201901220003','1000.000','5',1548090600),(177,'201901220004','1000.000','5',1548090900),(178,'201901220005','1000.000','5',1548091200),(179,'201901220006','1000.000','5',1548091500),(180,'201901240156','1000.000','5',1548309300),(181,'201901240157','1000.000','4',1548309600),(182,'201901240158','1000.000','4',1548309900),(183,'201901240159','1000.000','5',1548310200),(184,'201901240160','1000.000','5',1548310500),(185,'201901240161','1000.000','4',1548310800),(186,'201901240162','1000.000','5',1548311100),(187,'201901240163','1000.000','5',1548311400),(188,'201901240164','1000.000','5',1548311700),(189,'201901280129','1000.000','4',1548646800),(190,'201901280130','1000.000','5',1548647100),(191,'201901280131','1000.000','5',1548647400),(192,'201901280132','1000.000','5',1548647700),(193,'201901280138','1000.000','5',1548649500),(194,'201901280139','1000.000','5',1548649800),(195,'201901280140','1000.000','5',1548650100),(196,'201901280141','1000.000','5',1548650400),(197,'201901280142','1000.000','5',1548650700),(198,'201901280143','1000.000','5',1548651000),(199,'201901280144','1000.000','5',1548651300),(200,'201901280145','1000.000','5',1548651600),(201,'201901280146','1000.000','5',1548651900),(202,'201901280147','1000.000','5',1548652200),(203,'201901280148','1000.000','5',1548652500),(204,'201901280149','1000.000','5',1548652800),(205,'201901280150','1000.000','5',1548653100),(206,'201901280151','1000.000','5',1548653400),(207,'201901280152','1000.000','5',1548653700),(208,'201901280153','1000.000','5',1548654000),(209,'201901280154','1000.000','5',1548654300),(210,'201901280155','1000.000','5',1548654600),(211,'201901280156','1000.000','5',1548654900),(212,'201901280157','1000.000','5',1548655200),(213,'201901280158','1000.000','5',1548655500),(214,'201901280159','1000.000','5',1548655800),(215,'201901280160','1000.000','5',1548656100),(216,'201901280161','1000.000','5',1548656400),(217,'201901280162','1000.000','5',1548656700),(218,'201901280163','1000.000','5',1548657000),(219,'201901310069','1000.000','4',1548888000),(220,'201901310070','1000.000','5',1548888300),(221,'201901310071','1000.000','5',1548888600),(222,'201901310072','1000.000','5',1548888900),(223,'201901310073','1000.000','5',1548889200),(224,'201901310074','1000.000','5',1548889500),(225,'201901310075','1000.000','4',1548889800),(226,'201901310076','1000.000','5',1548890100),(227,'201901310077','1000.000','5',1548890400),(228,'201901310078','1000.000','5',1548890700),(229,'201901310079','1000.000','5',1548891000),(230,'201901310080','1000.000','5',1548891300),(231,'201901310081','1000.000','5',1548891600),(232,'201901310082','1000.000','5',1548891900),(233,'201901310083','1000.000','5',1548892200),(234,'201901310115','1000.000','5',1548901800),(235,'201901310116','1000.000','5',1548902100),(236,'201901310117','1000.000','5',1548902400),(237,'201901310118','1000.000','5',1548902700),(238,'201901310119','1000.000','5',1548903000),(239,'201901310120','1000.000','5',1548903300),(240,'201901310121','1000.000','5',1548903600),(241,'201901310122','1000.000','5',1548903900),(242,'201901310123','1000.000','5',1548904200),(243,'201901310124','1000.000','5',1548904500),(244,'201901310125','1000.000','5',1548904800),(245,'201901310126','1000.000','5',1548905100),(246,'201901310127','1000.000','5',1548905401),(247,'201901310128','1000.000','5',1548905700),(248,'201901310129','1000.000','5',1548906000),(249,'201901310130','1000.000','5',1548906300),(250,'201901310131','1000.000','5',1548906600),(251,'201901310132','1000.000','5',1548906900),(252,'201901310133','1000.000','5',1548907200),(253,'201901310134','1000.000','5',1548907500),(254,'201901310135','1000.000','5',1548907800),(255,'201901310136','1000.000','5',1548908100),(256,'201901310137','1000.000','5',1548908400),(257,'201901310138','1000.000','5',1548908700),(258,'201901310139','1000.000','5',1548909000),(259,'201901310140','1000.000','5',1548909300),(260,'201901310141','1000.000','5',1548909600),(261,'201901310142','1000.000','5',1548909900),(262,'201901310143','1000.000','5',1548910200),(263,'201901310144','1000.000','5',1548910500),(264,'201901310145','1000.000','5',1548910800),(265,'201901310146','1000.000','5',1548911100),(266,'201901310147','1000.000','5',1548911400),(267,'201901310200','1000.000','3',1548927300),(268,'201901310201','1000.000','5',1548927600),(269,'201901310202','1000.000','5',1548927900),(270,'201901310203','1000.000','5',1548928200),(271,'201901310204','1000.000','5',1548928500);

/*Table structure for table `app_user` */

DROP TABLE IF EXISTS `app_user`;

CREATE TABLE `app_user` (
  `id` int(10) unsigned NOT NULL AUTO_INCREMENT,
  `phone` varchar(11) NOT NULL,
  `password` varchar(255) NOT NULL COMMENT 'md5加密的用户登录密码',
  `money` decimal(11,3) DEFAULT NULL COMMENT '用户的余额',
  `unclear_money` decimal(11,3) DEFAULT NULL COMMENT '用户未加到余额的金额',
  `type` int(2) NOT NULL COMMENT '用户类型 0：管理员  1：普通用户',
  `state` int(2) DEFAULT NULL COMMENT '用户状态，0是冻结 1是正常，2可以登录，不能抢包',
  `invitation_code` varchar(255) DEFAULT NULL COMMENT '用户邀请码',
  `today_total` decimal(11,3) DEFAULT NULL COMMENT '今天总的打码数量',
  `sons` int(11) DEFAULT NULL COMMENT '下线数量',
  `last_login_time` int(11) DEFAULT NULL COMMENT '最后一次登录时间',
  `last_login_ip` varchar(255) DEFAULT NULL COMMENT '最后一次登录ip',
  `bonus` decimal(11,3) DEFAULT NULL COMMENT '总奖金金额',
  `token` varchar(255) DEFAULT NULL COMMENT '请求的token',
  `create_time` int(11) DEFAULT NULL COMMENT '注册时间',
  `update_time` int(11) DEFAULT NULL COMMENT '用户更新时间',
  `update_what` varchar(255) DEFAULT NULL COMMENT '最后一次更新的原因',
  `head_img_url` varchar(255) DEFAULT NULL COMMENT '头像',
  PRIMARY KEY (`id`)
) ENGINE=MyISAM AUTO_INCREMENT=12 DEFAULT CHARSET=utf8;

/*Data for the table `app_user` */

insert  into `app_user`(`id`,`phone`,`password`,`money`,`unclear_money`,`type`,`state`,`invitation_code`,`today_total`,`sons`,`last_login_time`,`last_login_ip`,`bonus`,`token`,`create_time`,`update_time`,`update_what`,`head_img_url`) values (9,'15880630262','4297f44b13955235245b2497399d7a93','0.000','0.000',1,1,'123','0.000',2,NULL,NULL,'0.000',NULL,1544591755,1547195501,'修改用户金额.  ',NULL),(10,'15880630261','3d186804534370c3c817db0563f0e461','1011.645','0.000',1,1,'15880630262','0.000',0,1548950913,'127.0.0.1','0.000',NULL,1547194781,1547194781,'用户自己注册','\\head.png'),(11,'15880630263','0f8c5d9249b3e177559855dc3a8ae9dc','0.000','0.000',1,1,'15880630262','0.000',0,1547544377,'127.0.0.1','0.000',NULL,1547544377,1547544377,'用户自己注册','\\head.png'),(8,'admin','4297f44b13955235245b2497399d7a93','0.000','0.000',0,1,'123','0.000',0,1548927439,'127.0.0.1','0.000',NULL,1544591755,1544591755,'开发者注册',NULL);

/*Table structure for table `app_withdraw` */

DROP TABLE IF EXISTS `app_withdraw`;

CREATE TABLE `app_withdraw` (
  `id` int(11) unsigned NOT NULL AUTO_INCREMENT,
  `uid` int(11) NOT NULL,
  `bank_id` int(11) NOT NULL COMMENT '用户绑定银行卡的id',
  `money` decimal(11,3) NOT NULL COMMENT '提现金额',
  `states` int(1) NOT NULL COMMENT '提现状态 1是审核中 2是审核通过 3是审核不通过',
  `remarks` varchar(255) DEFAULT NULL COMMENT '备注',
  `create_time` int(11) NOT NULL,
  `bank_num` varchar(255) DEFAULT NULL COMMENT '用户账号',
  `real_name` varchar(255) DEFAULT NULL COMMENT '用户姓名',
  `bank_which` varchar(255) DEFAULT NULL COMMENT '账号类型 支付宝 或哪银行卡',
  `bank_where` varchar(255) DEFAULT NULL COMMENT '开户行',
  `user_phone` varchar(255) DEFAULT NULL COMMENT '用户手机号',
  PRIMARY KEY (`id`)
) ENGINE=MyISAM AUTO_INCREMENT=2 DEFAULT CHARSET=utf8;

/*Data for the table `app_withdraw` */

insert  into `app_withdraw`(`id`,`uid`,`bank_id`,`money`,`states`,`remarks`,`create_time`,`bank_num`,`real_name`,`bank_which`,`bank_where`,`user_phone`) values (1,10,5,'123.000',2,'',1547196325,'71025123@1qq.com','张三','支付宝','','15880630261');

/*Table structure for table `system_banks` */

DROP TABLE IF EXISTS `system_banks`;

CREATE TABLE `system_banks` (
  `id` int(11) unsigned NOT NULL AUTO_INCREMENT,
  `bank_num` varchar(255) NOT NULL COMMENT '系统账号',
  `bank_which` varchar(255) DEFAULT NULL COMMENT '哪个银行或支付宝',
  `bank_where` varchar(255) DEFAULT NULL COMMENT '开户行',
  `name` varbinary(255) DEFAULT NULL COMMENT '真实姓名',
  `total_money` decimal(11,3) DEFAULT NULL COMMENT '这卡已收到总金额',
  `is_use` int(1) NOT NULL COMMENT '是否使用',
  `create_time` int(11) NOT NULL COMMENT '添加时间',
  PRIMARY KEY (`id`)
) ENGINE=MyISAM AUTO_INCREMENT=2 DEFAULT CHARSET=utf8;

/*Data for the table `system_banks` */

insert  into `system_banks`(`id`,`bank_num`,`bank_which`,`bank_where`,`name`,`total_money`,`is_use`,`create_time`) values (1,'63384819950826262','建设银行','上海第三分行','大我人',NULL,1,1547194852);

/*Table structure for table `system_setting` */

DROP TABLE IF EXISTS `system_setting`;

CREATE TABLE `system_setting` (
  `id` int(11) unsigned NOT NULL AUTO_INCREMENT,
  `bonus_rule` decimal(11,3) DEFAULT NULL COMMENT '奖金的阶级',
  `per_money` decimal(11,3) DEFAULT NULL COMMENT '一次奖励多少',
  `star_time` int(2) DEFAULT NULL COMMENT '开始发单时间',
  `per_total` decimal(11,3) DEFAULT NULL COMMENT '每次发的总金额',
  `minManey` decimal(11,3) DEFAULT NULL COMMENT '每个红包的最小金额',
  `how_many` int(5) DEFAULT NULL COMMENT '每次发多少个',
  `end_time` int(2) DEFAULT NULL COMMENT '停止发单时间',
  `how_long` int(11) DEFAULT NULL COMMENT '每隔多久发一次',
  `bunus_money` decimal(11,3) DEFAULT NULL COMMENT '单次佣金',
  `full_money` decimal(11,3) DEFAULT NULL COMMENT '满多少金额以后,金额增加到冻结金额',
  `sons` int(11) DEFAULT NULL COMMENT '下线数量',
  `text_rules` text COMMENT '游戏规则说明',
  PRIMARY KEY (`id`)
) ENGINE=MyISAM AUTO_INCREMENT=2 DEFAULT CHARSET=utf8;

/*Data for the table `system_setting` */

insert  into `system_setting`(`id`,`bonus_rule`,`per_money`,`star_time`,`per_total`,`minManey`,`how_many`,`end_time`,`how_long`,`bunus_money`,`full_money`,`sons`,`text_rules`) values (1,'100000.000','115.000',1,'1000.000','20.000',5,23,300,'0.005','25000.000',10,'1:如何获取虚拟体验金：用户可通过参与系统每5分钟发放的体验金领取获取。\n2：体验金的使用期限：用户获得体验金累计订单15000元，须在2小时内转入系统账户。到期后未转入系统账户检验金自动作废。\n3：虚拟体验金收益：体验金奖励金比例0.006完成任务系统自动转入用户账户\n4：虚拟体验金收益发放：领取体验金活动24小时开放\n5：团队收益奖励计算规则：团队基准为10人，无上限、团队24小时领取体验金10万奖励100元，20万奖励200*1.5=300元、以此类推，团队奖励24小时内发放\n6：星级团队收益奖励计算规则：一星100万 团队24小时领取体验金100万奖励1150+1000，二星200万奖励2300+2000，三星3000万奖励4600+3000');

/*!40101 SET SQL_MODE=@OLD_SQL_MODE */;
/*!40014 SET FOREIGN_KEY_CHECKS=@OLD_FOREIGN_KEY_CHECKS */;
/*!40014 SET UNIQUE_CHECKS=@OLD_UNIQUE_CHECKS */;
/*!40111 SET SQL_NOTES=@OLD_SQL_NOTES */;
