/*
SQLyog Ultimate v10.00 Beta1
MySQL - 5.5.53 : Database - zz
*********************************************************************
*/

/*!40101 SET NAMES utf8 */;

/*!40101 SET SQL_MODE=''*/;

/*!40014 SET @OLD_UNIQUE_CHECKS=@@UNIQUE_CHECKS, UNIQUE_CHECKS=0 */;
/*!40014 SET @OLD_FOREIGN_KEY_CHECKS=@@FOREIGN_KEY_CHECKS, FOREIGN_KEY_CHECKS=0 */;
/*!40101 SET @OLD_SQL_MODE=@@SQL_MODE, SQL_MODE='NO_AUTO_VALUE_ON_ZERO' */;
/*!40111 SET @OLD_SQL_NOTES=@@SQL_NOTES, SQL_NOTES=0 */;
/*Table structure for table `app_banks` */

DROP TABLE IF EXISTS `app_banks`;

CREATE TABLE `app_banks` (
  `id` int(11) NOT NULL AUTO_INCREMENT,
  `uid` int(11) NOT NULL,
  `bank_num` varchar(255) NOT NULL COMMENT '用户的账号',
  `real_name` varchar(255) NOT NULL COMMENT '用户姓名',
  `bank_which` varchar(255) NOT NULL COMMENT '账号类型 支付宝 或哪银行卡',
  `bank_where` varchar(255) DEFAULT NULL COMMENT '开户行',
  `create_time` int(11) NOT NULL COMMENT '添加时间',
  `status` int(2) DEFAULT NULL COMMENT '银行卡状态 0是删除 1是可用',
  PRIMARY KEY (`id`),
  KEY `uid` (`uid`)
) ENGINE=MyISAM AUTO_INCREMENT=5 DEFAULT CHARSET=utf8;

/*Data for the table `app_banks` */

insert  into `app_banks`(`id`,`uid`,`bank_num`,`real_name`,`bank_which`,`bank_where`,`create_time`,`status`) values (1,4,'1','123','1231','1231',1545986922,1),(2,4,'2','2','2','2',1545986986,1),(3,4,'33','33','333','333',1545986993,1);

/*Table structure for table `app_moneysteam` */

DROP TABLE IF EXISTS `app_moneysteam`;

CREATE TABLE `app_moneysteam` (
  `id` int(11) NOT NULL AUTO_INCREMENT,
  `money` decimal(11,3) NOT NULL COMMENT '流动金额',
  `user_money_now` decimal(11,3) NOT NULL COMMENT '用户没改变之前的金额',
  `user_money_later` decimal(11,3) NOT NULL COMMENT '用户改变后的金额',
  `remark` varchar(255) NOT NULL COMMENT '备注',
  `uid` int(11) NOT NULL COMMENT 'uid',
  `create_time` int(11) NOT NULL COMMENT 'craete_time',
  PRIMARY KEY (`id`)
) ENGINE=MyISAM AUTO_INCREMENT=8 DEFAULT CHARSET=utf8;

/*Data for the table `app_moneysteam` */

insert  into `app_moneysteam`(`id`,`money`,`user_money_now`,`user_money_later`,`remark`,`uid`,`create_time`) values (1,'1.000','9.000','10.000','-9',4,1546417980),(2,'1.000','10.000','11.000','-10',4,1546418047),(3,'0.000','11.000','11.000','-11,未结算金额减少0.000',4,1546420927),(4,'0.000','11.000','11.000','-11,未结算金额减少0.000',4,1546420930),(5,'0.000','11.000','11.000','-11,未结算金额减少0.000',4,1546420946),(6,'0.000','11.000','11.000','-11,未结算金额减少0.000',4,1546421053),(7,'0.000','11.000','11.000','-11,未结算金额减少0.000',4,1546421062);

/*Table structure for table `app_notice` */

DROP TABLE IF EXISTS `app_notice`;

CREATE TABLE `app_notice` (
  `id` int(11) unsigned NOT NULL AUTO_INCREMENT,
  `uid` int(11) NOT NULL DEFAULT '0' COMMENT '0是发给所有人的 发个人的话就是uid',
  `title` varchar(255) DEFAULT NULL COMMENT '通知标题',
  `content` text,
  `states` int(1) DEFAULT NULL COMMENT '0是未发布 1是已发布',
  `create_time` int(11) DEFAULT NULL,
  `read_states` int(1) DEFAULT NULL COMMENT '是否已读，0是未读，1是已读',
  PRIMARY KEY (`id`),
  KEY `uid` (`uid`)
) ENGINE=MyISAM AUTO_INCREMENT=14 DEFAULT CHARSET=utf8;

/*Data for the table `app_notice` */

insert  into `app_notice`(`id`,`uid`,`title`,`content`,`states`,`create_time`,`read_states`) values (2,4,'123','123',1,1544952652,NULL),(3,0,'123123','123123',0,1544952655,NULL),(4,0,'asd','asd',1,1544952660,NULL),(6,13,'123','1111',0,1544952991,NULL),(8,0,'xiaqq','111111111aa',0,1544957741,NULL),(7,13,'w','我',1,1544957798,NULL),(9,0,'qq','qq',0,1544957747,NULL),(10,0,'123121313131','13333333333333333333333333333333333333333333333333333333333333333333333333333333333333333333333333333',1,1544966050,NULL),(13,0,'123121313131','1',1,1545120271,NULL);

/*Table structure for table `app_order` */

DROP TABLE IF EXISTS `app_order`;

CREATE TABLE `app_order` (
  `id` int(11) unsigned zerofill NOT NULL AUTO_INCREMENT,
  `uid` int(11) NOT NULL,
  `packet_id` int(11) NOT NULL COMMENT '红包id',
  `user_phone` varchar(255) NOT NULL COMMENT '用户手机号',
  `packet_expect` varchar(255) NOT NULL COMMENT '红包期数',
  `money` decimal(11,3) NOT NULL COMMENT '订单金额',
  `status` int(1) NOT NULL COMMENT '0是过期，1待付款 2审核中 3审核通过 4 审核不通过',
  `img_url` varchar(255) DEFAULT NULL COMMENT '提交订单时的转账图片',
  `remarks` varchar(255) DEFAULT NULL COMMENT '备注',
  `create_time` int(11) NOT NULL COMMENT '订单生成时间',
  `sys_bank_num` varchar(255) DEFAULT NULL COMMENT '系统银行卡号',
  `sys_bank_which` varchar(255) DEFAULT NULL COMMENT '系统银行或支付宝',
  `sys_bank_where` varchar(255) DEFAULT NULL COMMENT '系统开户行',
  `sys_name` varchar(255) DEFAULT NULL COMMENT '银行卡所属人姓名',
  PRIMARY KEY (`id`),
  KEY `uid` (`uid`)
) ENGINE=MyISAM AUTO_INCREMENT=13 DEFAULT CHARSET=utf8;

/*Data for the table `app_order` */

insert  into `app_order`(`id`,`uid`,`packet_id`,`user_phone`,`packet_expect`,`money`,`status`,`img_url`,`remarks`,`create_time`,`sys_bank_num`,`sys_bank_which`,`sys_bank_where`,`sys_name`) values (00000000001,7,172,'13345678911','201812130073','200.000',2,'\\upload\\20181213\\77c067fb5d62694759615da4aa5fa81d.jpg','',1544680851,NULL,NULL,NULL,NULL),(00000000002,7,181,'13345678911','201812130082','200.000',1,'','',1544683794,NULL,NULL,NULL,NULL),(00000000003,7,240,'13345678911','201812140185','1.000',1,'','',1544775657,'8888888888888888888',NULL,NULL,NULL),(00000000004,7,249,'13345678911','201812140194','1.000',1,'','',1544778515,'8888888888888888888',NULL,NULL,NULL),(00000000005,7,250,'13345678911','201812140195','1.000',1,'','',1544778846,'2',NULL,NULL,NULL),(00000000006,4,252,'13345678911','201812140197','1.000',1,'','',1544779295,'1','1','1','123'),(00000000007,4,266,'15880630261','201812270002','1.000',0,'\\upload20181228\\096e416dddff71c8b912fa8060f17f8b.jpg','999',1545883762,'1','1','11','123'),(00000000008,4,454,'15880630261','201812300066','1.000',1,'','',1546161991,'8888888888888888888','农业银行','上海第三分行','白大爷'),(00000000009,4,477,'15880630261','201812300089','1.000',1,'','',1546169083,'1','1','11','123'),(00000000010,4,483,'15880630261','201812300097','1.000',4,'\\upload\\20190101\\7fbd6bd1a64a8396f22b292266f9dbcc.jpg','',1546171386,'1','1','11','123'),(00000000011,4,487,'15880630261','201812300101','1.000',3,'\\upload20190101\\025836c74410319ff1665d1cf69ca3fa.jpg','',1546172601,'1','1','11','123'),(00000000012,4,529,'15880630261','201901020055','1.000',3,'\\upload\\20190102\\62eab0d048974821770f32270e86b40d.jpg','123',1546418004,'8888888888888888888','农业银行','上海第三分行','白大爷');

/*Table structure for table `app_packet` */

DROP TABLE IF EXISTS `app_packet`;

CREATE TABLE `app_packet` (
  `id` int(11) unsigned NOT NULL AUTO_INCREMENT,
  `expect` varchar(255) NOT NULL COMMENT '包的期数 20181211001',
  `money` decimal(11,3) NOT NULL COMMENT '包的总金额',
  `amount` varchar(255) NOT NULL COMMENT '包的个数',
  `create_time` int(11) NOT NULL COMMENT '发包时间',
  PRIMARY KEY (`id`)
) ENGINE=MyISAM AUTO_INCREMENT=553 DEFAULT CHARSET=utf8;

/*Data for the table `app_packet` */

insert  into `app_packet`(`id`,`expect`,`money`,`amount`,`create_time`) values (107,'2018121258','1000.000','106',1544611500),(106,'2018121257','1000.000','105',1544611200),(105,'2018121256','1000.000','104',1544610900),(104,'2018121255','1000.000','5',1544610600),(103,'2018121254','1000.000','5',1544610300),(102,'2018121253','1000.000','5',1544610000),(101,'2018121252','1000.000','5',1544609700),(100,'2018121251','1000.000','99',1544609400),(99,'2018121250','1000.000','5',1544609100),(98,'2018121249','1000.000','97',1544608800),(97,'2018121248','1000.000','5',1544608500),(96,'2018121247','1000.000','5',1544608200),(95,'2018121246','1000.000','94',1544607900),(94,'2018121245','1000.000','93',1544607600),(93,'2018121244','1000.000','5',1544607300),(92,'2018121243','1000.000','5',1544607000),(91,'20181212411','1000.000','5',1544606700),(108,'2018121259','1000.000','107',1544611800),(109,'2018121260','1000.000','5',1544612100),(110,'2018121261','1000.000','5',1544612400),(111,'2018121262','1000.000','5',1544612700),(112,'2018121263','1000.000','5',1544613000),(113,'2018121264','1000.000','5',1544613300),(114,'2018121265','1000.000','5',1544613600),(115,'2018121266','1000.000','5',1544613900),(116,'2018121267','1000.000','115',1544614200),(117,'2018121268','1000.000','116',1544614500),(118,'2018121269','1000.000','117',1544614800),(119,'2018121270','1000.000','4',1544615100),(120,'2018121271','1000.000','4',1544615400),(121,'2018121272','1000.000','4',1544615700),(122,'2018121273','1000.000','5',1544616000),(123,'2018121274','1000.000','5',1544616300),(124,'2018121275','1000.000','5',1544616600),(125,'2018121276','1000.000','5',1544616900),(126,'2018121277','1000.000','5',1544617200),(127,'2018121278','1000.000','5',1544617500),(128,'2018121279','1000.000','4',1544617800),(129,'2018121280','1000.000','5',1544618100),(130,'2018121281','1000.000','5',1544618400),(131,'2018121282','1000.000','5',1544618700),(132,'2018121283','1000.000','5',1544619000),(133,'2018121284','1000.000','5',1544619300),(134,'2018121285','1000.000','5',1544619600),(135,'2018121286','1000.000','4',1544619900),(136,'2018121287','1000.000','5',1544620200),(137,'2018121288','1000.000','5',1544620500),(138,'2018121289','1000.000','5',1544620800),(139,'2018121290','1000.000','5',1544621100),(140,'2018121291','1000.000','5',1544621400),(141,'2018121292','1000.000','5',1544621700),(142,'2018121293','1000.000','5',1544622000),(143,'2018121294','1000.000','5',1544622300),(144,'2018121295','1000.000','5',1544622600),(145,'2018121296','1000.000','5',1544622900),(146,'2018121297','1000.000','5',1544623200),(147,'2018121298','1000.000','5',1544623500),(148,'2018121299','1000.000','5',1544623800),(149,'20181212100','1000.000','5',1544624100),(150,'20181212101','1000.000','5',1544624400),(151,'20181212102','1000.000','5',1544624700),(152,'20181212103','1000.000','5',1544625000),(153,'20181212104','1000.000','5',1544625300),(154,'20181212105','1000.000','5',1544625600),(155,'20181212106','1000.000','5',1544625900),(156,'20181212107','1000.000','5',1544626200),(157,'20181212108','1000.000','5',1544626500),(158,'2018121347','1000.000','5',1544673000),(159,'2018121348','1000.000','5',1544673300),(160,'2018121349','1000.000','5',1544673600),(161,'2018121350','1000.000','5',1544673900),(162,'2018121363','1000.000','5',1544677800),(163,'2018121364','1000.000','5',1544678100),(164,'2018121365','1000.000','5',1544678400),(165,'2018121366','1000.000','5',1544678700),(166,'2018121367','1000.000','5',1544679000),(167,'2018121368','1000.000','5',1544679300),(168,'2018121369','1000.000','5',1544679600),(169,'2018121370','1000.000','4',1544679900),(170,'2018121371','1000.000','5',1544680200),(171,'201812130072','1000.000','5',1544680500),(172,'201812130073','1000.000','4',1544680800),(173,'201812130074','1000.000','5',1544681100),(174,'201812130075','1000.000','5',1544681400),(175,'201812130076','1000.000','5',1544681700),(176,'201812130077','1000.000','5',1544682000),(177,'201812130078','1000.000','5',1544682300),(178,'201812130079','1000.000','5',1544682600),(179,'201812130080','1000.000','5',1544682900),(180,'201812130081','1000.000','5',1544683200),(181,'201812130082','1000.000','4',1544683500),(182,'201812130083','1000.000','5',1544683800),(183,'201812130084','1000.000','5',1544684100),(184,'201812130085','1000.000','5',1544684400),(185,'201812130086','1000.000','5',1544684700),(186,'201812130087','1000.000','5',1544685000),(187,'201812130088','1000.000','5',1544685300),(188,'201812130089','1000.000','5',1544685600),(189,'201812130090','1000.000','5',1544685900),(190,'201812130091','1000.000','5',1544686200),(191,'201812130092','1000.000','5',1544686500),(192,'201812130093','1000.000','5',1544686800),(193,'201812130094','1000.000','5',1544687100),(194,'201812130095','1000.000','5',1544687400),(195,'201812130096','1000.000','5',1544687700),(196,'201812130097','1000.000','5',1544688000),(197,'201812130098','1000.000','5',1544688301),(198,'201812130099','1000.000','5',1544688600),(199,'201812130100','1000.000','5',1544688900),(200,'201812130101','1000.000','5',1544689200),(201,'201812130102','1000.000','5',1544689500),(202,'201812130103','1000.000','5',1544689800),(203,'201812130104','1000.000','5',1544690100),(204,'201812130105','1000.000','5',1544690400),(205,'201812130106','1000.000','5',1544690700),(206,'201812130107','1000.000','5',1544691000),(207,'201812130108','1000.000','5',1544691300),(208,'201812130109','1000.000','5',1544691600),(209,'201812130110','1000.000','5',1544691900),(210,'201812130111','1000.000','5',1544692200),(211,'201812130112','1000.000','5',1544692500),(212,'201812130113','1000.000','5',1544692800),(213,'201812130114','1000.000','5',1544693100),(214,'201812130115','1000.000','5',1544693400),(215,'201812130116','1000.000','5',1544693700),(216,'201812130117','1000.000','5',1544694001),(217,'201812130118','1000.000','5',1544694300),(218,'201812130119','1000.000','5',1544694600),(219,'201812130120','1000.000','5',1544694900),(220,'201812130121','1000.000','5',1544695200),(221,'201812130122','1000.000','5',1544695500),(222,'201812130123','1000.000','5',1544695800),(223,'201812130124','1000.000','5',1544696100),(224,'201812130125','1000.000','5',1544696400),(225,'201812130126','1000.000','5',1544696700),(226,'201812130127','1000.000','5',1544697000),(227,'201812130128','1000.000','5',1544697300),(228,'201812130129','1000.000','5',1544697600),(229,'201812130130','1000.000','5',1544697900),(230,'201812130131','1000.000','5',1544698200),(231,'201812130132','1000.000','5',1544698500),(232,'201812130133','1000.000','5',1544698800),(233,'201812130134','1000.000','5',1544699100),(234,'201812130135','1000.000','5',1544699400),(235,'201812130136','1000.000','5',1544699700),(236,'201812130137','1000.000','5',1544700000),(237,'201812130138','1000.000','5',1544700300),(238,'201812140183','1.000','0',1544775000),(239,'201812140184','1.000','0',1544775300),(240,'201812140185','1.000','0',1544775600),(241,'201812140186','1.000','1',1544775900),(242,'201812140187','1.000','1',1544776200),(243,'201812140188','1.000','1',1544776500),(244,'201812140189','1.000','1',1544776800),(245,'201812140190','1.000','1',1544777100),(246,'201812140191','1.000','1',1544777400),(247,'201812140192','1.000','1',1544777700),(248,'201812140193','1.000','1',1544778000),(249,'201812140194','1.000','0',1544778300),(250,'201812140195','1.000','0',1544778600),(251,'201812140196','1.000','1',1544778900),(252,'201812140197','1.000','0',1544779200),(253,'201812140198','1.000','1',1544779500),(254,'201812140199','1.000','1',1544779800),(255,'201812140200','1.000','1',1544780100),(256,'201812140201','1.000','1',1544780400),(257,'201812140202','1.000','1',1544780700),(258,'201812140203','1.000','1',1544781000),(259,'201812140204','1.000','1',1544781300),(260,'201812140205','1.000','1',1544781600),(261,'201812140206','1.000','1',1544781900),(262,'201812140207','1.000','1',1544782200),(263,'201812140208','1.000','1',1544782500),(264,'201812140209','1.000','1',1544782800),(265,'201812270001','1.000','1',1545883200),(266,'201812270002','1.000','0',1545883500),(267,'201812270003','1.000','1',1545883800),(268,'201812270004','1.000','1',1545884100),(269,'201812270005','1.000','1',1545884400),(270,'201812270006','1.000','1',1545884700),(271,'201812270007','1.000','1',1545885000),(272,'201812270009','1.000','1',1545885600),(273,'201812270010','1.000','1',1545885900),(274,'201812270011','1.000','1',1545886200),(275,'201812270012','1.000','1',1545886500),(276,'201812270013','1.000','1',1545886800),(277,'201812270014','1.000','1',1545887100),(278,'201812270015','1.000','1',1545887400),(279,'201812270020','1.000','1',1545888900),(280,'201812270021','1.000','1',1545889200),(281,'201812270022','1.000','1',1545889500),(282,'201812270023','1.000','1',1545889800),(283,'201812270024','1.000','1',1545890100),(284,'201812270025','1.000','1',1545890400),(285,'201812270026','1.000','1',1545890700),(286,'201812270027','1.000','1',1545891000),(287,'201812270028','1.000','1',1545891300),(288,'201812270029','1.000','1',1545891600),(289,'201812270030','1.000','1',1545891900),(290,'201812270032','1.000','1',1545892500),(291,'201812270033','1.000','1',1545892800),(292,'201812270034','1.000','1',1545893100),(293,'201812270035','1.000','1',1545893400),(294,'201812270036','1.000','1',1545893700),(295,'201812270037','1.000','1',1545894000),(296,'201812270038','1.000','1',1545894300),(297,'201812270039','1.000','1',1545894600),(298,'201812270040','1.000','1',1545894900),(299,'201812270041','1.000','1',1545895200),(300,'201812270042','1.000','1',1545895500),(301,'201812270043','1.000','1',1545895800),(302,'201812270044','1.000','1',1545896100),(303,'201812270045','1.000','1',1545896400),(304,'201812270046','1.000','1',1545896700),(305,'201812270047','1.000','1',1545897000),(306,'201812270048','1.000','1',1545897300),(307,'201812270049','1.000','1',1545897600),(308,'201812270050','1.000','1',1545897900),(309,'201812270051','1.000','1',1545898200),(310,'201812270052','1.000','1',1545898500),(311,'201812270053','1.000','1',1545898800),(312,'201812270054','1.000','1',1545899100),(313,'201812270055','1.000','1',1545899400),(314,'201812270057','1.000','1',1545900000),(315,'201812270058','1.000','1',1545900300),(316,'201812270059','1.000','1',1545900600),(317,'201812270060','1.000','1',1545900900),(318,'201812270061','1.000','1',1545901200),(319,'201812270062','1.000','1',1545901500),(320,'201812270073','1.000','1',1545904800),(321,'201812270074','1.000','1',1545905100),(322,'201812270075','1.000','1',1545905400),(323,'201812270076','1.000','1',1545905700),(324,'201812270077','1.000','1',1545906000),(325,'201812270078','1.000','1',1545906300),(326,'201812270083','1.000','1',1545907800),(327,'201812270084','1.000','1',1545908100),(328,'201812270085','1.000','1',1545908400),(329,'201812270086','1.000','1',1545908700),(330,'201812270087','1.000','1',1545909000),(331,'201812270088','1.000','1',1545909300),(332,'201812270089','1.000','1',1545909600),(333,'201812270090','1.000','1',1545909900),(334,'201812270091','1.000','1',1545910200),(335,'201812270092','1.000','1',1545910500),(336,'201812270093','1.000','1',1545910800),(337,'201812270094','1.000','1',1545911100),(338,'201812270095','1.000','1',1545911400),(339,'201812270096','1.000','1',1545911700),(340,'201812270097','1.000','1',1545912000),(341,'201812270098','1.000','1',1545912300),(342,'201812270099','1.000','1',1545912600),(343,'201812270100','1.000','1',1545912900),(344,'201812270101','1.000','1',1545913200),(345,'201812270102','1.000','1',1545913500),(346,'201812270103','1.000','1',1545913800),(347,'201812270104','1.000','1',1545914100),(348,'201812270105','1.000','1',1545914400),(349,'201812270106','1.000','1',1545914700),(350,'201812270107','1.000','1',1545915000),(351,'201812270108','1.000','1',1545915300),(352,'201812270109','1.000','1',1545915600),(353,'201812270110','1.000','1',1545915900),(354,'201812270111','1.000','1',1545916200),(355,'201812270112','1.000','1',1545916500),(356,'201812270113','1.000','1',1545916800),(357,'201812270114','1.000','1',1545917100),(358,'201812270115','1.000','1',1545917400),(359,'201812270116','1.000','1',1545917700),(360,'201812270117','1.000','1',1545918000),(361,'201812270118','1.000','1',1545918300),(362,'201812270119','1.000','1',1545918600),(363,'201812270120','1.000','1',1545918900),(364,'201812280001','1.000','1',1545969600),(365,'201812280002','1.000','1',1545969900),(366,'201812280003','1.000','1',1545970200),(367,'201812280004','1.000','1',1545970500),(368,'201812280005','1.000','1',1545970800),(369,'201812280006','1.000','1',1545971100),(370,'201812280007','1.000','1',1545971400),(371,'201812280008','1.000','1',1545971700),(372,'201812280011','1.000','1',1545972600),(373,'201812280012','1.000','1',1545972900),(374,'201812280013','1.000','1',1545973200),(375,'201812280014','1.000','1',1545973500),(376,'201812280015','1.000','1',1545973800),(377,'201812280016','1.000','1',1545974100),(378,'201812280045','1.000','1',1545982800),(379,'201812280046','1.000','1',1545983100),(380,'201812280047','1.000','1',1545983400),(381,'201812280048','1.000','1',1545983700),(382,'201812280049','1.000','1',1545984000),(383,'201812280050','1.000','1',1545984300),(384,'201812280051','1.000','1',1545984600),(385,'201812280052','1.000','1',1545984900),(386,'201812280053','1.000','1',1545985200),(387,'201812280054','1.000','1',1545985500),(388,'201812280055','1.000','1',1545985800),(389,'201812280056','1.000','1',1545986100),(390,'201812280057','1.000','1',1545986400),(391,'201812280058','1.000','1',1545986700),(392,'201812280059','1.000','1',1545987000),(393,'201812280060','1.000','1',1545987300),(394,'201812280061','1.000','1',1545987600),(395,'201812280062','1.000','1',1545987900),(396,'201812280063','1.000','1',1545988200),(397,'201812280064','1.000','1',1545988500),(398,'201812280065','1.000','1',1545988800),(399,'201812280066','1.000','1',1545989100),(400,'201812280067','1.000','1',1545989400),(401,'201812280068','1.000','1',1545989700),(402,'201812280069','1.000','1',1545990000),(403,'201812280070','1.000','1',1545990300),(404,'201812280071','1.000','1',1545990600),(405,'201812280072','1.000','1',1545990900),(406,'201812280073','1.000','1',1545991200),(407,'201812280074','1.000','1',1545991500),(408,'201812280075','1.000','1',1545991800),(409,'201812280076','1.000','1',1545992100),(410,'201812280077','1.000','1',1545992400),(411,'201812280078','1.000','1',1545992700),(412,'201812280079','1.000','1',1545993000),(413,'201812280080','1.000','1',1545993300),(414,'201812280081','1.000','1',1545993600),(415,'201812280082','1.000','1',1545993900),(416,'201812280083','1.000','1',1545994200),(417,'201812280084','1.000','1',1545994500),(418,'201812280085','1.000','1',1545994800),(419,'201812280086','1.000','1',1545995100),(420,'201812280087','1.000','1',1545995400),(421,'201812280088','1.000','1',1545995700),(422,'201812280089','1.000','1',1545996000),(423,'201812280090','1.000','1',1545996300),(424,'201812280091','1.000','1',1545996600),(425,'201812280092','1.000','1',1545996900),(426,'201812280093','1.000','1',1545997200),(427,'201812280094','1.000','1',1545997500),(428,'201812280095','1.000','1',1545997800),(429,'201812280096','1.000','1',1545998100),(430,'201812280097','1.000','1',1545998400),(431,'201812280098','1.000','1',1545998700),(432,'201812280099','1.000','1',1545999000),(433,'201812280100','1.000','1',1545999300),(434,'201812280101','1.000','1',1545999600),(435,'201812280102','1.000','1',1545999900),(436,'201812280103','1.000','1',1546000200),(437,'201812280104','1.000','1',1546000500),(438,'201812280105','1.000','1',1546000800),(439,'201812280106','1.000','1',1546001100),(440,'201812280107','1.000','1',1546001400),(441,'201812280108','1.000','1',1546001700),(442,'201812280109','1.000','1',1546002000),(443,'201812280110','1.000','1',1546002300),(444,'201812280111','1.000','1',1546002600),(445,'201812280112','1.000','1',1546002900),(446,'201812280113','1.000','1',1546003200),(447,'201812280114','1.000','1',1546003500),(448,'201812280115','1.000','1',1546003800),(449,'201812280116','1.000','1',1546004100),(450,'201812280117','1.000','1',1546004400),(451,'201812280118','1.000','1',1546004700),(452,'201812280119','1.000','1',1546005000),(453,'201812280120','1.000','1',1546005300),(454,'201812300066','1.000','0',1546161900),(455,'201812300067','1.000','1',1546162200),(456,'201812300068','1.000','1',1546162500),(457,'201812300069','1.000','1',1546162800),(458,'201812300070','1.000','1',1546163100),(459,'201812300071','1.000','1',1546163400),(460,'201812300072','1.000','1',1546163700),(461,'201812300073','1.000','1',1546164000),(462,'201812300074','1.000','1',1546164300),(463,'201812300075','1.000','1',1546164600),(464,'201812300076','1.000','1',1546164900),(465,'201812300077','1.000','1',1546165200),(466,'201812300078','1.000','1',1546165500),(467,'201812300079','1.000','1',1546165800),(468,'201812300080','1.000','1',1546166100),(469,'201812300081','1.000','1',1546166400),(470,'201812300082','1.000','1',1546166700),(471,'201812300083','1.000','1',1546167000),(472,'201812300084','1.000','1',1546167300),(473,'201812300085','1.000','1',1546167600),(474,'201812300086','1.000','1',1546167900),(475,'201812300087','1.000','1',1546168200),(476,'201812300088','1.000','1',1546168500),(477,'201812300089','1.000','0',1546168800),(478,'201812300090','1.000','1',1546169100),(479,'201812300091','1.000','1',1546169400),(480,'201812300092','1.000','1',1546169700),(481,'201812300093','1.000','1',1546170000),(482,'201812300094','1.000','1',1546170300),(483,'201812300097','1.000','0',1546171200),(484,'201812300098','1.000','1',1546171500),(485,'201812300099','1.000','1',1546171800),(486,'201812300100','1.000','1',1546172100),(487,'201812300101','1.000','0',1546172400),(488,'201812300102','1.000','1',1546172700),(489,'201812300103','1.000','1',1546173000),(490,'201812300104','1.000','1',1546173300),(491,'201812300105','1.000','1',1546173600),(492,'201812300106','1.000','1',1546173900),(493,'201812300107','1.000','1',1546174200),(494,'201812300108','1.000','1',1546174500),(495,'201812300109','1.000','1',1546174800),(496,'201812300110','1.000','1',1546175100),(497,'201812310072','1.000','1',1546250100),(498,'201812310073','1.000','1',1546250400),(499,'201812310074','1.000','1',1546250700),(500,'201812310075','1.000','1',1546251000),(501,'201812310076','1.000','1',1546251300),(502,'201812310077','1.000','1',1546251600),(503,'201812310078','1.000','1',1546251900),(504,'201812310097','1.000','1',1546257600),(505,'201812310098','1.000','1',1546257900),(506,'201812310099','1.000','1',1546258200),(507,'201812310100','1.000','1',1546258500),(508,'201812310101','1.000','1',1546258800),(509,'201812310102','1.000','1',1546259100),(510,'201812310103','1.000','1',1546259400),(511,'201812310104','1.000','1',1546259700),(512,'201812310105','1.000','1',1546260000),(513,'201812310106','1.000','1',1546260300),(514,'201812310107','1.000','1',1546260600),(515,'201812310108','1.000','1',1546260900),(516,'201812310109','1.000','1',1546261200),(517,'201812310110','1.000','1',1546261500),(518,'201812310111','1.000','1',1546261800),(519,'201812310112','1.000','1',1546262100),(520,'201812310113','1.000','1',1546262400),(521,'201812310114','1.000','1',1546262700),(522,'201812310115','1.000','1',1546263000),(523,'201812310116','1.000','1',1546263300),(524,'201812310117','1.000','1',1546263600),(525,'201812310118','1.000','1',1546263900),(526,'201812310119','1.000','1',1546264200),(527,'201901020053','1.000','1',1546417200),(528,'201901020054','1.000','1',1546417500),(529,'201901020055','1.000','0',1546417800),(530,'201901020056','1.000','1',1546418100),(531,'201901020057','1.000','1',1546418400),(532,'201901020058','1.000','1',1546418700),(533,'201901020059','1.000','1',1546419000),(534,'201901020060','1.000','1',1546419300),(535,'201901020061','1.000','1',1546419600),(536,'201901020062','1.000','1',1546419900),(537,'201901020063','1.000','1',1546420200),(538,'201901020064','1.000','1',1546420500),(539,'201901020065','1.000','1',1546420800),(540,'201901020066','1.000','1',1546421100),(541,'201901020067','1.000','1',1546421400),(542,'201901020068','1.000','1',1546421700),(543,'201901020069','1.000','1',1546422000),(544,'201901020070','1.000','1',1546422301),(545,'201901020071','1.000','1',1546422600),(546,'201901020072','1.000','1',1546422900),(547,'201901020073','1.000','1',1546423200),(548,'201901030061','1.000','1',1546506000),(549,'201901030062','1.000','1',1546506300),(550,'201901030063','1.000','1',1546506600),(551,'201901030064','1.000','1',1546506900),(552,'201901030072','1.000','1',1546509300);

/*Table structure for table `app_user` */

DROP TABLE IF EXISTS `app_user`;

CREATE TABLE `app_user` (
  `id` int(10) unsigned NOT NULL AUTO_INCREMENT,
  `phone` varchar(11) NOT NULL,
  `password` varchar(255) NOT NULL COMMENT 'md5加密的用户登录密码',
  `money` decimal(11,3) DEFAULT NULL COMMENT '用户的余额',
  `unclear_money` decimal(11,3) DEFAULT NULL COMMENT '用户未加到余额的金额',
  `type` int(2) NOT NULL COMMENT '用户类型 0：管理员  1：普通用户',
  `state` int(2) DEFAULT NULL COMMENT '用户状态，0是冻结 1是正常，2可以登录，不能抢包',
  `invitation_code` varchar(255) DEFAULT NULL COMMENT '用户邀请码',
  `today_total` decimal(11,3) DEFAULT NULL COMMENT '今天总的打码数量',
  `sons` int(11) DEFAULT NULL COMMENT '下线数量',
  `last_login_time` int(11) DEFAULT NULL COMMENT '最后一次登录时间',
  `last_login_ip` varchar(255) DEFAULT NULL COMMENT '最后一次登录ip',
  `bonus` decimal(11,3) DEFAULT NULL COMMENT '总奖金金额',
  `token` varchar(255) DEFAULT NULL COMMENT '请求的token',
  `create_time` int(11) DEFAULT NULL COMMENT '注册时间',
  `update_time` int(11) DEFAULT NULL COMMENT '用户更新时间',
  `update_what` varchar(255) DEFAULT NULL COMMENT '最后一次更新的原因',
  `head_img_url` varchar(255) DEFAULT NULL COMMENT '头像',
  PRIMARY KEY (`id`)
) ENGINE=MyISAM AUTO_INCREMENT=9 DEFAULT CHARSET=utf8;

/*Data for the table `app_user` */

insert  into `app_user`(`id`,`phone`,`password`,`money`,`unclear_money`,`type`,`state`,`invitation_code`,`today_total`,`sons`,`last_login_time`,`last_login_ip`,`bonus`,`token`,`create_time`,`update_time`,`update_what`,`head_img_url`) values (4,'15880630261','4297f44b13955235245b2497399d7a93','11.000','0.000',1,1,'2147483647','0.000',0,1546417263,'127.0.0.1','0.000',NULL,1544504384,1545229279,'修改用户状态.  ',NULL),(5,'12312345123','c20ad4d76fe97759aa27a0c99bff6710','678.000','0.000',1,1,'123456','0.000',0,1544540494,'192.168.1.2','0.000',NULL,1544540494,1545229338,'修改用户状态.  ',NULL),(6,'12345678912','202cb962ac59075b964b07152d234b70','456.000','12.000',1,0,'123456','12.000',0,1544540576,'192.168.1.2','12.000',NULL,1544540576,1545060577,'修改用户金额.  修改用户状态.  ',NULL),(7,'13345678911','4297f44b13955235245b2497399d7a93','132.000','88.000',1,2,'12','0.000',0,1545909043,'127.0.0.1','0.000',NULL,1544591755,1545060650,'修改用户状态.  ',NULL),(8,'admin','4297f44b13955235245b2497399d7a93','0.000','0.000',0,1,'0','0.000',0,1546417361,'127.0.0.1','0.000',NULL,1544591755,1544591755,'开发者注册',NULL);

/*Table structure for table `app_withdraw` */

DROP TABLE IF EXISTS `app_withdraw`;

CREATE TABLE `app_withdraw` (
  `id` int(11) unsigned NOT NULL AUTO_INCREMENT,
  `uid` int(11) NOT NULL,
  `bank_id` int(11) NOT NULL COMMENT '用户绑定银行卡的id',
  `money` decimal(11,3) NOT NULL COMMENT '提现金额',
  `states` int(1) NOT NULL COMMENT '提现状态 1是审核中 2是审核通过 3是审核不通过',
  `remarks` varchar(255) DEFAULT NULL COMMENT '备注',
  `create_time` int(11) NOT NULL,
  `bank_num` varchar(255) DEFAULT NULL COMMENT '用户账号',
  `real_name` varchar(255) DEFAULT NULL COMMENT '用户姓名',
  `bank_which` varchar(255) DEFAULT NULL COMMENT '账号类型 支付宝 或哪银行卡',
  `bank_where` varchar(255) DEFAULT NULL COMMENT '开户行',
  `user_phone` varchar(255) DEFAULT NULL COMMENT '用户手机号',
  PRIMARY KEY (`id`)
) ENGINE=MyISAM AUTO_INCREMENT=14 DEFAULT CHARSET=utf8;

/*Data for the table `app_withdraw` */

insert  into `app_withdraw`(`id`,`uid`,`bank_id`,`money`,`states`,`remarks`,`create_time`,`bank_num`,`real_name`,`bank_which`,`bank_where`,`user_phone`) values (1,4,1,'1.000',3,'1',1,'1','1','1','1','15880630261'),(2,4,1,'1.000',1,'1',1546004196,'1','123','1231','1231','15880630261'),(3,4,1,'1.000',1,'1',1546066280,'1','123','1231','1231','15880630261'),(4,4,1,'1.000',1,'1',1546066312,'1','123','1231','1231','15880630261'),(5,4,1,'1.000',1,'123456',1546066648,'1','123','1231','1231','15880630261'),(6,4,1,'1.000',1,'1',1546067216,'1','123','1231','1231','15880630261'),(7,4,1,'1.000',1,'2',1546067226,'1','123','1231','1231','15880630261'),(8,4,1,'1.000',1,'2',1546067316,'1','123','1231','1231','15880630261'),(9,4,1,'0.000',1,'',1546420927,'1','123','1231','1231','15880630261'),(10,4,0,'0.000',1,'',1546420930,NULL,NULL,NULL,NULL,'15880630261'),(11,4,0,'0.000',1,'',1546420946,NULL,NULL,NULL,NULL,'15880630261'),(12,4,1,'0.000',1,'',1546421053,'1','123','1231','1231','15880630261'),(13,4,1,'0.000',1,'',1546421062,'1','123','1231','1231','15880630261');

/*Table structure for table `system_banks` */

DROP TABLE IF EXISTS `system_banks`;

CREATE TABLE `system_banks` (
  `id` int(11) unsigned NOT NULL AUTO_INCREMENT,
  `bank_num` varchar(255) NOT NULL COMMENT '系统账号',
  `bank_which` varchar(255) DEFAULT NULL COMMENT '哪个银行或支付宝',
  `bank_where` varchar(255) DEFAULT NULL COMMENT '开户行',
  `name` varbinary(255) DEFAULT NULL COMMENT '真实姓名',
  `total_money` decimal(11,3) DEFAULT NULL COMMENT '这卡已收到总金额',
  `is_use` int(1) NOT NULL COMMENT '是否使用',
  `create_time` int(11) NOT NULL COMMENT '添加时间',
  PRIMARY KEY (`id`)
) ENGINE=MyISAM AUTO_INCREMENT=15 DEFAULT CHARSET=utf8;

/*Data for the table `system_banks` */

insert  into `system_banks`(`id`,`bank_num`,`bank_which`,`bank_where`,`name`,`total_money`,`is_use`,`create_time`) values (3,'8888888888888888888','农业银行','上海第三分行','白大爷',NULL,1,1544686906),(2,'1','1','1','123',NULL,0,1544708735),(4,'1','1','1','1',NULL,0,1545055320),(5,'','','','',NULL,0,1545055376),(6,'23','123','123','123',NULL,0,1545058737),(7,'23','123','123','123',NULL,0,1545058744),(8,'1','1','1','1',NULL,0,1545119965),(9,'2','2','2','2',NULL,0,1545120034),(10,'3','3','3','3',NULL,0,1545120056),(11,'4','4','4','4',NULL,0,1545120102),(12,'5','5','5','5',NULL,0,1545120179),(13,'6','6','6','6',NULL,0,1545120221),(14,'1','1','11','123',NULL,1,1545120252);

/*Table structure for table `system_setting` */

DROP TABLE IF EXISTS `system_setting`;

CREATE TABLE `system_setting` (
  `id` int(11) unsigned NOT NULL AUTO_INCREMENT,
  `bonus_rule` decimal(11,3) DEFAULT NULL COMMENT '奖金的阶级',
  `per_money` decimal(11,3) DEFAULT NULL COMMENT '一次奖励多少',
  `star_time` int(2) DEFAULT NULL COMMENT '开始发单时间',
  `per_total` decimal(11,3) DEFAULT NULL COMMENT '每次发的总金额',
  `how_many` int(5) DEFAULT NULL COMMENT '每次发多少个',
  `end_time` int(2) DEFAULT NULL COMMENT '停止发单时间',
  `how_long` int(11) DEFAULT NULL COMMENT '每隔多久发一次',
  `bunus_money` decimal(11,3) DEFAULT NULL COMMENT '单次佣金',
  `full_money` decimal(11,3) DEFAULT NULL COMMENT '满多少金额以后,金额增加到冻结金额',
  `sons` int(11) DEFAULT NULL COMMENT '下线数量',
  PRIMARY KEY (`id`)
) ENGINE=MyISAM AUTO_INCREMENT=2 DEFAULT CHARSET=utf8;

/*Data for the table `system_setting` */

insert  into `system_setting`(`id`,`bonus_rule`,`per_money`,`star_time`,`per_total`,`how_many`,`end_time`,`how_long`,`bunus_money`,`full_money`,`sons`) values (1,'1.000','1.000',12,'1.000',1,22,300,'0.005','132.000',123);

/*!40101 SET SQL_MODE=@OLD_SQL_MODE */;
/*!40014 SET FOREIGN_KEY_CHECKS=@OLD_FOREIGN_KEY_CHECKS */;
/*!40014 SET UNIQUE_CHECKS=@OLD_UNIQUE_CHECKS */;
/*!40111 SET SQL_NOTES=@OLD_SQL_NOTES */;
